nextclade_gene,codon_range,ilmn_indels_found,ilmn_max_dp,ilmn_max_af,ont_indels_found,ont_max_dp,ont_max_af,concordance_status
OPG034,209-215,0,0,0,0,0,0,no_evidence
OPG053,207-213,0,0,0,0,0,0,no_evidence
OPG054,412-435,0,0,0,0,0,0,no_evidence
OPG055,304-306,0,0,0,0,0,0,no_evidence
OPG060,138-140,0,0,0,0,0,0,no_evidence
OPG064,656-674,0,0,0,0,0,0,no_evidence
OPG064,678-697,0,0,0,0,0,0,no_evidence
OPG066,75-78,0,0,0,0,0,0,no_evidence
OPG069,1-167,0,0,0,0,0,0,no_evidence
OPG080,1-772,0,0,0,0,0,0,no_evidence
OPG081,71-80,0,0,0,0,0,0,no_evidence
OPG082,310-341,0,0,0,0,0,0,no_evidence
OPG083,2-4,0,0,0,0,0,0,no_evidence
OPG083,214-226,0,0,0,0,0,0,no_evidence
OPG083,346-374,0,0,0,0,0,0,no_evidence
OPG083,417-420,0,0,0,0,0,0,no_evidence
OPG085,463-466,0,0,0,0,0,0,no_evidence
OPG089,76-88,0,0,0,0,0,0,no_evidence
OPG089,429-435,0,0,0,0,0,0,no_evidence
OPG092,249-270,0,0,0,0,0,0,no_evidence
OPG109,224-252,0,0,0,0,0,0,no_evidence
OPG109,443-449,0,0,0,0,0,0,no_evidence
OPG109,493-495,0,0,0,0,0,0,no_evidence
OPG117,257-259,0,0,0,0,0,0,no_evidence
OPG127,105-124,0,0,0,0,0,0,no_evidence
OPG127,145-184,0,0,0,0,0,0,no_evidence
OPG128,51-53,0,0,0,0,0,0,no_evidence
OPG133,380-413,0,0,0,0,0,0,no_evidence
OPG133,533-536,0,0,0,0,0,0,no_evidence
OPG133,575-581,0,0,0,0,0,0,no_evidence
OPG143,74-77,0,0,0,0,0,0,no_evidence
OPG143,80-83,0,0,0,0,0,0,no_evidence
OPG145,62-67,0,0,0,0,0,0,no_evidence
OPG145,262-265,0,0,0,0,0,0,no_evidence
OPG147,5-38,0,0,0,0,0,0,no_evidence
OPG148,77-89,0,0,0,0,0,0,no_evidence
OPG153,382-383,0,0,0,0,0,0,no_evidence
OPG157,25-47,0,0,0,0,0,0,no_evidence
OPG158,27-43,0,0,0,0,0,0,no_evidence
OPG159,7-24,0,0,0,0,0,0,no_evidence
OPG159,117-129,0,0,0,0,0,0,no_evidence
OPG180,27-555,0,0,0,0,0,0,no_evidence
OPG189,100-129,0,0,0,0,0,0,no_evidence
OPG189,186-562,0,0,0,0,0,0,no_evidence
